{"file:///C:/Users/rp90634/Downloads/energianaccion.org-master/energianaccion.org-master":{"assets/images/logo.jpg":"i5Y9uGcnjXi2jrR+XekO/w==","assets/images/preview.jpg":"4H81dWlFzNDrLQxf9EwHsA==","assets/images/gallery00.jpg":"qIPwncmyAAN1PwvWjxqoLA==","assets/images/gallery01.jpg":"MbSQM+OO518xkl7QPsYD3w==","assets/images/gallery02.jpg":"8uYVppYTkfTF/CjrQiUX5w==","assets/images/gallery03.jpg":"RSiCW8HV5goNhTKL9Ke3jA==","assets/images/gallery04.jpg":"jvAyO1yKDKY5eXEHmyvziw==","assets/images/gallery05.jpg":"aFtjDGNy039TMRnbIUbMeA==","assets/images/gallery06.jpg":"/s/XJr+taHS3xk66FutujA==","assets/images/gallery07.jpg":"sJC/Hr6LkOm9jLPjfkL+xg==","assets/web/assets/jquery/jquery.min.js":"V5Dq1607onOXrt+j0mO4Zw==","assets/bootstrap/css/bootstrap.min.css":"P/urNQdI6EHTdotdHKSJMw==","assets/bootstrap/js/bootstrap.min.js":"uqrepEkrBZ8oQYfXWvRgYw==","assets/popper/popper.min.js":"NiE4ESlZe/NNSKniYj4FyQ==","assets/tether/tether.min.css":"YhVaOUjL8Xsb9LQHyQq4Tw==","assets/tether/tether.min.js":"PlC291/0Eo8keLHUT4D9+w==","assets/theme/css/style.css":"5RpIdNGwA2Nr/tQJ3mH8hA==-VITbTf54ezV7Z7I/e4lZVw==","assets/smooth-scroll/smooth-scroll.js":"KWAEIcStVIbTDi5Ah2psSQ==","assets/jarallax/jarallax.min.js":"lgPnhpb6UHWR10D5+gD9+g==","assets/bootstrap/css/bootstrap-reboot.min.css":"KO0rysUYUIZSaFKcc8IOaw==","assets/viewport-checker/jquery.viewportchecker.js":"2Duiy0FroZ100p8jJUN+dw==","assets/animate.css/animate.min.css":"F4tlGVjO/1VsvF81Xgi78Q==","assets/dropdown/css/style.css":"s+S8lVC62P0BWFtgHpaNFA==","assets/dropdown/js/script.min.js":"XKwdlgq/KqgA8/xiKfaAVw==","assets/touch-swipe/jquery.touch-swipe.min.js":"9g/wVGnRdXmW2F9BctT/TQ==","assets/masonry/masonry.pkgd.min.js":"xU517fXLr0ErwWukFF9gMg==","assets/imagesloaded/imagesloaded.pkgd.min.js":"UR7y9u51Dtwyu1yNXTJOfg==","assets/bootstrap-carousel-swipe/bootstrap-carousel-swipe.js":"2Aa30rxM398+MLQIDBw+uw==","assets/mobirise-gallery/player.min.js":"LD8pej9nbqJv1C5dclQ+TQ==","assets/mobirise-gallery/script.js":"mhFOupBDhpyY9J3MEYbKWQ==","assets/mobirise-gallery/style.css":"yXeCz42y/OXtx5eYXkzgGQ==","assets/social-likes/social-likes.js":"NfdXFVSUZam3Igih0Y/FgQ==","assets/formoid/formoid.min.js":"LS3ZNNEFXEEIXvN30NLGPw==","assets/mobirise-slider-video/script.js":"4zdnDcM5qyFp6vtUK9eKiA==","assets/web/assets/mobirise-icons/mobirise-icons.css":"RVE1Au0iQ4C1HCKJDC+/mQ==","assets/web/assets/mobirise-icons/mobirise-icons.eot":"d1DWj4ts/6jfjnda7g4Q2A==","assets/bootstrap/css/bootstrap-grid.min.css":"gayV6npKzdmwEn2nUWaXUw==","assets/jquery-mb-vimeo_player/jquery.mb.vimeo_player.js":"GmfQhjxrSdOBpcDxHSmxjQ==","assets/web/assets/mobirise-icons/mobirise-icons.svg":"Yp5pSlGdnLgPdQLUa/Yv3w==","assets/web/assets/mobirise-icons/mobirise-icons.ttf":"sxxNoGToYfNN/LuoyTYkfg==","assets/web/assets/mobirise-icons/mobirise-icons.woff":"rcbBnBdGlGMmyU5U/bmzjg==","assets/socicon/css/styles.css":"CJiiT9PQDkx8b/7uvhdvqA==","assets/socicon/fonts/socicon.eot":"XHkUXqWN9KkbI2JOr7etKQ==","assets/socicon/fonts/socicon.svg":"o1tldE9Vf6tUJOmbttTpgA==","assets/socicon/fonts/socicon.ttf":"1n97zWg+ogcaXBgcQsNnBA==","assets/socicon/fonts/socicon.woff":"n3NmYDMK3z2OXXC2s0nxxw==","assets/images/miguel-energianaccion-510x526.png":"m34UDKfu9gUV2LOHj9rZ2w==","assets/images/erik-odiin-561313-unsplash-2-510x680.jpg":"SyWTZITXR6smNo0z69/1RQ==","assets/images/javier-energianacacion-510x556.png":"/jwPONc2WDPxw0mTmXn/OQ==","assets/images/energianaccion.org-logo-128x146.png":"5AqT2tf8ywyVfVIobNrSDA==","assets/images/hashes.json":"FLBK8Q5uZv1cc+VMYzESsA==","assets/images/energianaccion-logo-1.svg":"EB2swXnkZ5snL2vrHxigVQ==","assets/images/luca-energianaccion-510x510.png":"gkykC6AOlLKRBsVy8c6QyA==","assets/images/samuel-zeller-358865-unsplash-2000x1333.jpg":"elp7IT7KKAEBPzHuXkow6A==","assets/images/mbr-favicon.png":"TM/Oiv9BNf2UVvP/ioiJIw=="},"file:///Users/miguel/Documents/GitHub/energianaccion.org/":{"assets/images/logo.jpg":"i5Y9uGcnjXi2jrR+XekO/w==","assets/images/preview.jpg":"JC7McHjmfVqQL3Vixiez5w==","assets/images/gallery00.jpg":"1gx6nvAG0f7+VGE2DtCLNg==","assets/images/gallery02.jpg":"bzRnnoqZid+ue8ipZsuMTA==","assets/images/gallery01.jpg":"3e7cvmV6DFFUGF05kJFwpQ==","assets/images/gallery05.jpg":"d8zxDn8npEW8PPWFlpqExQ==","assets/images/gallery03.jpg":"NLYvNAx8YZ+mW2K9F4egCQ==","assets/images/gallery04.jpg":"ilHNlpiERIqCTTHZ8zroaQ==","assets/images/gallery06.jpg":"ll4zk991U51/K52rDhtuOw==","assets/images/gallery07.jpg":"9GlJjT9Om32myDNoSHqCMw==","assets/web/assets/jquery/jquery.min.js":"V5Dq1607onOXrt+j0mO4Zw==","assets/bootstrap/css/bootstrap-grid.min.css":"a6LeNNuqhRu1LJbHvTM1Lg==","assets/bootstrap/css/bootstrap.min.css":"RQ/EY7ixo0nfcXBW+7PgeA==","assets/bootstrap/css/bootstrap-reboot.min.css":"TlWTM3JQaaM6nQ8zh2UupQ==","assets/tether/tether.min.css":"YhVaOUjL8Xsb9LQHyQq4Tw==","assets/tether/tether.min.js":"PlC291/0Eo8keLHUT4D9+w==","assets/bootstrap/js/bootstrap.min.js":"FNRJ64h2+lXh7zwsxSsMFw==","assets/popper/popper.min.js":"NiE4ESlZe/NNSKniYj4FyQ==","assets/theme/css/style.css":"5RpIdNGwA2Nr/tQJ3mH8hA==-VITbTf54ezV7Z7I/e4lZVw==","assets/smoothscroll/smooth-scroll.js":"KWAEIcStVIbTDi5Ah2psSQ==","assets/parallax/jarallax.min.js":"lgPnhpb6UHWR10D5+gD9+g==","assets/animatecss/animate.min.css":"F4tlGVjO/1VsvF81Xgi78Q==","assets/viewportchecker/jquery.viewportchecker.js":"XKham7rXcMJkbapryonozQ==","assets/sociallikes/social-likes.js":"NfdXFVSUZam3Igih0Y/FgQ==","assets/dropdown/css/style.css":"s+S8lVC62P0BWFtgHpaNFA==","assets/dropdown/js/script.min.js":"XKwdlgq/KqgA8/xiKfaAVw==","assets/touchswipe/jquery.touch-swipe.min.js":"9g/wVGnRdXmW2F9BctT/TQ==","assets/masonry/masonry.pkgd.min.js":"xU517fXLr0ErwWukFF9gMg==","assets/imagesloaded/imagesloaded.pkgd.min.js":"UR7y9u51Dtwyu1yNXTJOfg==","assets/bootstrapcarouselswipe/bootstrap-carousel-swipe.js":"2Aa30rxM398+MLQIDBw+uw==","assets/gallery/player.min.js":"LD8pej9nbqJv1C5dclQ+TQ==","assets/gallery/script.js":"2Yrk9OoLfma0zW/dAMS3zA==","assets/gallery/style.css":"yXeCz42y/OXtx5eYXkzgGQ==","assets/vimeoplayer/jquery.mb.vimeo_player.js":"GmfQhjxrSdOBpcDxHSmxjQ==","assets/slidervideo/script.js":"4zdnDcM5qyFp6vtUK9eKiA==","assets/web/assets/mobirise-icons/mobirise-icons.css":"RVE1Au0iQ4C1HCKJDC+/mQ==","assets/web/assets/mobirise-icons/mobirise-icons.eot":"d1DWj4ts/6jfjnda7g4Q2A==","assets/web/assets/mobirise-icons/mobirise-icons.svg":"Yp5pSlGdnLgPdQLUa/Yv3w==","assets/web/assets/mobirise-icons/mobirise-icons.woff":"rcbBnBdGlGMmyU5U/bmzjg==","assets/socicon/css/styles.css":"CJiiT9PQDkx8b/7uvhdvqA==","assets/web/assets/mobirise-icons/mobirise-icons.ttf":"sxxNoGToYfNN/LuoyTYkfg==","assets/socicon/fonts/socicon.eot":"XHkUXqWN9KkbI2JOr7etKQ==","assets/socicon/fonts/socicon.svg":"o1tldE9Vf6tUJOmbttTpgA==","assets/socicon/fonts/socicon.woff":"n3NmYDMK3z2OXXC2s0nxxw==","assets/formoid/formoid.min.js":"LS3ZNNEFXEEIXvN30NLGPw==","assets/socicon/fonts/socicon.ttf":"1n97zWg+ogcaXBgcQsNnBA==","assets/images/energianaccion-logo-1.svg":"EB2swXnkZ5snL2vrHxigVQ==","assets/images/miguel-energianaccion-510x526.png":"m34UDKfu9gUV2LOHj9rZ2w==","assets/images/hashes.json":"q+qgJjO+yiHqrri61kVA+Q==","assets/images/yolandamartin-bn-452x545.png":"pWtA8pGNvsJ6vONPGc18Tg==","assets/images/javier-energianacacion-510x556.png":"/jwPONc2WDPxw0mTmXn/OQ==","assets/images/energianaccion.org-logo-128x146.png":"5AqT2tf8ywyVfVIobNrSDA==","assets/images/luca-energianaccion-510x510.png":"gkykC6AOlLKRBsVy8c6QyA==","assets/images/samuel-zeller-358865-unsplash-2000x1333.jpg":"elp7IT7KKAEBPzHuXkow6A==","assets/gdpr-plugin/gdpr-styles.css":"BCsisePTVj2xI/Hbsl7m9g=="}}