{"dlPvpQQpSOM1V4vMAUAdIw==":"mbr-122x81.jpg","EB2swXnkZ5snL2vrHxigVQ==":"energianaccion-logo-1.svg","DIU062A9rWV31ZsE9ZMGCw==":"energianaccion-logo-74x71.png","6Bxl3ft9FDVLcGVmcKrlCw==":"energianaccion.org-logo-100x114.jpg","tkIjv/ntuEL6Jw3sqooZ4Q==":"energianaccion-logo-84x81.png","opzWAkXyq2lHqntbnq0O1g==":"priscilla-du-preez-623040-unsplash-2000x1333.jpg","elp7IT7KKAEBPzHuXkow6A==":"samuel-zeller-358865-unsplash-2000x1333.jpg","AmZRAWa7O5LCRiMweMRsLw==":"captura%20de%20pantalla%202018-08-10%20a%20las%200.21.01-328x267.png","Gi0BfzGfyT9ZbN6qfKZ/sg==":"whatsapp%20image%202018-09-05%20at%2016.21.15-510x691.jpg","enQ6/MYlh7idQ5kRgxyxbg==":"mbr-510x737.jpg","ScN65dN15SHAtQKC+j0YRg==":"miguel.foto-torso-459x360.png","p7rIRm2M7rIWyouZm+5eiA==":"luca-253x253.jpg","2kRtIyvwPFLTURQwkQi0Yw==":"whatsapp%20image%202018-09-05%20at%2016.21.15-510x691.jpg","3oWLbbhRLbdc4ZuJ69l4cg==":"mbr-510x340.jpg","m34UDKfu9gUV2LOHj9rZ2w==":"miguel_energianaccion-510x526.png","gkykC6AOlLKRBsVy8c6QyA==":"luca_energianaccion-510x510.png","/jwPONc2WDPxw0mTmXn/OQ==":"javier_energianacacion-510x556.png","OR4zJ8AvgqmalKEe62EvRQ==":"energianaccion.org-logo-126x144.png","DyjlcfMd3s6qcxLUCwfw9A==":"energianaccion.org-logo-106x121.jpg","Fstd3wE0+OCGxPFdyFNfAA==":"mbr-1-510x340.jpg","ot5pmF2bdW6j/zSfK/uwkQ==":"erik-odiin-561313-unsplash-510x680.jpg","VdGLiNpemwLmczfDN0LS7g==":"erik-odiin-561313-unsplash-1-510x680.jpg","SyWTZITXR6smNo0z69/1RQ==":"erik-odiin-561313-unsplash-2-510x680.jpg","pWtA8pGNvsJ6vONPGc18Tg==":"yolandamartin_bn-452x545.png"}